fold,val_accuracy
1,0.8981481194496155
2,0.8814814686775208
3,0.8796296119689941
4,0.9203703999519348
5,0.8907407522201538

mean,0.8940740704536438
std,0.014740568721435206
